timestamp,epoch,step,total_loss,reg_loss,pred_loss,probe_loss,jepa_lr,probe_lr,itr_time,reward_loss,reward_lr,type,epoch_time_seconds
2026-03-23T00:16:02.885626,0,0.0,17.34031105041504,16.527103424072266,0.8061394095420837,0.0,3.2051381730769227e-07,1.0000000000000001e-11,0.8778114318847656,0.00706819212064147,0.0001,,
2026-03-23T00:17:06.217975,0,10.0,16.710742950439453,16.319541931152344,0.38426342606544495,0.0,3.5256419903846146e-06,1.0000000000000001e-11,0.4117894172668457,0.006937820930033922,0.0001,,
2026-03-23T00:18:09.656298,0,20.0,14.942169189453125,14.487421035766602,0.45471662282943726,0.0,6.7307701634615375e-06,1.0000000000000001e-11,0.41126132011413574,3.1734962249174714e-05,0.0001,,
2026-03-23T00:19:13.092342,0,30.0,11.936596870422363,11.19221305847168,0.7409499883651733,0.0,9.935898336538457e-06,1.0000000000000001e-11,0.40901947021484375,0.003433742793276906,0.0001,,
2026-03-23T00:20:16.666883,0,40.0,9.279243469238281,8.309466361999512,0.9655511379241943,0.0,1.3141026509615375e-05,1.0000000000000001e-11,0.41016221046447754,0.004225654061883688,0.0001,,
2026-03-23T00:21:19.975946,0,50.0,8.25209903717041,7.310844421386719,0.9304115772247314,0.0,1.6346154682692296e-05,1.0000000000000001e-11,0.4109222888946533,0.010842932388186455,0.0001,,
2026-03-23T00:22:23.346621,0,60.0,7.800009250640869,6.885863304138184,0.9138582944869995,0.0,1.9551282855769212e-05,1.0000000000000001e-11,0.4110274314880371,0.0002875772479455918,0.0001,,
2026-03-23T00:23:26.490867,0,70.0,7.371504306793213,6.472835063934326,0.884989857673645,0.0,2.275641102884613e-05,1.0000000000000001e-11,0.41152286529541016,0.013679360039532185,0.0001,,
2026-03-23T00:24:29.812536,0,80.0,7.277461051940918,6.342662811279297,0.9347319602966309,0.0,2.5961539201923055e-05,1.0000000000000001e-11,0.4114236831665039,6.608801049878821e-05,0.0001,,
2026-03-23T00:25:33.128983,0,90.0,6.848251819610596,6.093069553375244,0.7516854405403137,0.0,2.9166667374999974e-05,1.0000000000000001e-11,0.41022539138793945,0.0034965360537171364,0.0001,,
2026-03-23T00:26:36.349883,0,100.0,6.4714674949646,5.695930480957031,0.765220046043396,0.0,3.2371795548076904e-05,1.0000000000000001e-11,0.40965819358825684,0.010316845029592514,0.0001,,
2026-03-23T00:27:39.391239,0,110.0,6.233035564422607,5.368454933166504,0.8542298674583435,0.0,3.5576923721153834e-05,1.0000000000000001e-11,0.41205763816833496,0.01035077590495348,0.0001,,
2026-03-23T00:28:42.965556,0,120.0,5.986868858337402,5.172268390655518,0.8076636791229248,0.0,3.878205189423075e-05,1.0000000000000001e-11,0.41263890266418457,0.006937119644135237,0.0001,,
2026-03-23T00:29:46.454994,0,130.0,5.765621185302734,5.00700569152832,0.7550977468490601,0.0,4.1987180067307666e-05,1.0000000000000001e-11,0.41046619415283203,0.003517434000968933,0.0001,,
2026-03-23T00:30:49.733349,0,140.0,5.340573310852051,4.619815826416016,0.7137670516967773,0.0,4.519230824038459e-05,1.0000000000000001e-11,0.4117701053619385,0.006990631576627493,0.0001,,
2026-03-23T00:31:53.282281,0,150.0,5.78220272064209,4.967224597930908,0.808130145072937,0.0,4.8397436413461505e-05,1.0000000000000001e-11,0.4111325740814209,0.006847764831036329,0.0001,,
2026-03-23T00:32:56.440356,0,160.0,5.6395182609558105,4.889746189117432,0.7395851016044617,0.0,5.160256458653843e-05,1.0000000000000001e-11,0.4110398292541504,0.010187212377786636,0.0001,,
2026-03-23T00:33:59.707283,0,170.0,5.397592544555664,4.6844682693481445,0.713088870048523,0.0,5.480769275961534e-05,1.0000000000000001e-11,0.41147279739379883,3.549607572495006e-05,0.0001,,
2026-03-23T00:35:02.824860,0,180.0,4.943267345428467,4.4001784324646,0.5430682897567749,0.0,5.8012820932692253e-05,1.0000000000000001e-11,0.41179323196411133,2.0447050701477565e-05,0.0001,,
2026-03-23T00:36:06.110456,0,190.0,4.934209823608398,4.411416053771973,0.522689163684845,0.0,6.121794910576915e-05,1.0000000000000001e-11,0.4115285873413086,0.0001043947777361609,0.0001,,
2026-03-23T00:37:09.835864,0,200.0,4.756839275360107,4.231280326843262,0.5220881700515747,0.0,6.442307727884607e-05,1.0000000000000001e-11,0.4117395877838135,0.0034708783496171236,0.0001,,
2026-03-23T00:38:13.303684,0,210.0,4.660951137542725,4.201282978057861,0.4596140384674072,0.0,6.7628205451923e-05,1.0000000000000001e-11,0.4093191623687744,5.390193473431282e-05,0.0001,,
2026-03-23T00:39:16.856639,0,220.0,4.686176776885986,4.192572116851807,0.49006587266921997,0.0,7.083333362499993e-05,1.0000000000000001e-11,0.4096982479095459,0.00353877991437912,0.0001,,
2026-03-23T00:40:19.971292,0,230.0,4.5578083992004395,3.949998378753662,0.5975106954574585,0.0,7.403846179807688e-05,1.0000000000000001e-11,0.41136622428894043,0.010299077257514,0.0001,,
2026-03-23T00:41:23.338992,0,240.0,4.286639213562012,3.807462215423584,0.4757177233695984,0.0,7.724358997115382e-05,1.0000000000000001e-11,0.41162729263305664,0.0034593241289258003,0.0001,,
2026-03-23T00:42:26.458987,0,250.0,4.111167907714844,3.687904119491577,0.4197746515274048,0.0,8.044871814423071e-05,1.0000000000000001e-11,0.41199684143066406,0.0034889886155724525,0.0001,,
2026-03-23T00:43:29.573098,0,260.0,4.68293571472168,4.256793975830078,0.4227760136127472,0.0,8.365384631730762e-05,1.0000000000000001e-11,0.4100675582885742,0.003365408629179001,0.0001,,
2026-03-23T00:44:32.805409,0,270.0,3.831860065460205,3.4483134746551514,0.3801206946372986,0.0,8.685897449038452e-05,1.0000000000000001e-11,0.4091205596923828,0.0034258351661264896,0.0001,,
2026-03-23T00:45:35.779748,0,280.0,4.284298419952393,3.8225319385528564,0.4583398997783661,0.0,9.006410266346139e-05,1.0000000000000001e-11,0.4100809097290039,0.0034267152659595013,0.0001,,
2026-03-23T00:46:38.978970,0,290.0,3.781665563583374,3.419605016708374,0.35862022638320923,0.0,9.326923083653832e-05,1.0000000000000001e-11,0.4119884967803955,0.0034403344616293907,0.0001,,
2026-03-23T00:47:42.409238,0,300.0,4.249951362609863,3.9144210815429688,0.33539268374443054,0.0,9.647435900961525e-05,1.0000000000000001e-11,0.41181254386901855,0.00013797533756587654,0.0001,,
2026-03-23T00:48:45.890563,0,310.0,4.0560688972473145,3.700535297393799,0.3491857051849365,0.0,9.967948718269217e-05,1.0000000000000001e-11,0.4103820323944092,0.0063482169061899185,0.0001,,
2026-03-23T00:48:52.221893,0,,4.046865940093994,3.6462154388427734,0.3974737524986267,0.0,,,,,,epoch_summary,1978.3466970920563
2026-03-23T00:49:49.984291,1,320.0,4.013183116912842,3.7396554946899414,0.2665877044200897,0.0,9.999771876825718e-05,1.0000000000000001e-11,0.4112279415130615,0.006939722690731287,0.0001,,
2026-03-23T00:50:53.067636,1,330.0,3.954239845275879,3.5225634574890137,0.41850513219833374,0.0,9.998983332583972e-05,1.0000000000000001e-11,0.40843844413757324,0.013171167112886906,0.0001,,
2026-03-23T00:51:56.328055,1,340.0,3.844409227371216,3.5479354858398438,0.2927895784378052,0.0,9.997631649618036e-05,1.0000000000000001e-11,0.4110293388366699,0.003684217808768153,0.0001,,
2026-03-23T00:52:59.464976,1,350.0,4.001838684082031,3.6040120124816895,0.3850193917751312,0.0,9.995716997118363e-05,1.0000000000000001e-11,0.4115293025970459,0.01280753593891859,0.0001,,
2026-03-23T00:54:02.832590,1,360.0,3.5558371543884277,3.262213706970215,0.2874693274497986,0.0,9.99323961474242e-05,1.0000000000000001e-11,0.41172337532043457,0.0061541274189949036,0.0001,,
2026-03-23T00:55:05.954270,1,370.0,3.598163604736328,3.334005117416382,0.2641165852546692,0.0,9.990199812584699e-05,1.0000000000000001e-11,0.4110407829284668,4.1894563764799386e-05,0.0001,,
2026-03-23T00:56:09.248355,1,380.0,3.452164649963379,3.207537889480591,0.24151206016540527,0.0,9.986597971137899e-05,1.0000000000000001e-11,0.4119129180908203,0.003114722203463316,0.0001,,
2026-03-23T00:57:12.580184,1,390.0,3.689174175262451,3.4041054248809814,0.2818681597709656,0.0,9.9824345412453e-05,1.0000000000000001e-11,0.4111461639404297,0.003200498642399907,0.0001,,
2026-03-23T00:58:15.594303,1,400.0,3.6426522731781006,3.4431464672088623,0.19649742543697357,0.0,9.977710044044333e-05,1.0000000000000001e-11,0.4112555980682373,0.00300841243006289,0.0001,,
2026-03-23T00:59:18.822069,1,410.0,3.66566801071167,3.4100136756896973,0.2526947259902954,0.0,9.972425070901336e-05,1.0000000000000001e-11,0.41149115562438965,0.002959763165563345,0.0001,,
2026-03-23T01:00:21.883890,1,420.0,3.857332229614258,3.564866781234741,0.28922349214553833,0.0,9.96658028333755e-05,1.0000000000000001e-11,0.40975499153137207,0.0032420542556792498,0.0001,,
2026-03-23T01:01:25.193237,1,430.0,3.70477557182312,3.5085437297821045,0.19617757201194763,0.0,9.96017641294631e-05,1.0000000000000001e-11,0.41100597381591797,5.430640885606408e-05,0.0001,,
2026-03-23T01:02:28.375988,1,440.0,3.3365683555603027,3.098928213119507,0.2305208444595337,0.0,9.953214261301467e-05,1.0000000000000001e-11,0.4103820323944092,0.007119106128811836,0.0001,,
2026-03-23T01:03:31.673526,1,450.0,3.5136773586273193,3.246026039123535,0.26444634795188904,0.0,9.945694699857058e-05,1.0000000000000001e-11,0.4121730327606201,0.0032050006557255983,0.0001,,
2026-03-23T01:04:35.018490,1,460.0,3.4349417686462402,3.1816182136535645,0.24379417300224304,0.0,9.937618669838233e-05,1.0000000000000001e-11,0.4087224006652832,0.009529448114335537,0.0001,,
2026-03-23T01:05:38.268451,1,470.0,3.251046657562256,3.033130645751953,0.21502138674259186,0.0,9.928987182123424e-05,1.0000000000000001e-11,0.4116218090057373,0.0028945531230419874,0.0001,,
2026-03-23T01:06:41.638210,1,480.0,3.389455556869507,3.1638429164886475,0.2187989205121994,0.0,9.919801317117834e-05,1.0000000000000001e-11,0.4114367961883545,0.006813684478402138,0.0001,,
2026-03-23T01:07:44.920797,1,490.0,3.5455212593078613,3.313133478164673,0.22312656044960022,0.0,9.910062224618182e-05,1.0000000000000001e-11,0.4103703498840332,0.009261217899620533,0.0001,,
2026-03-23T01:08:48.463280,1,500.0,3.543313503265381,3.2017245292663574,0.32985344529151917,0.0,9.899771123668805e-05,1.0000000000000001e-11,0.4109058380126953,0.011735333129763603,0.0001,,
2026-03-23T01:09:51.873031,1,510.0,3.3046329021453857,3.0706851482391357,0.23052094876766205,0.0,9.888929302409049e-05,1.0000000000000001e-11,0.41025257110595703,0.0034267345909029245,0.0001,,
2026-03-23T01:10:54.809362,1,520.0,3.6083908081054688,3.2306292057037354,0.36859801411628723,0.0,9.877538117912039e-05,1.0000000000000001e-11,0.41023707389831543,0.009163633920252323,0.0001,,
2026-03-23T01:11:57.840690,1,530.0,3.422366142272949,3.218252182006836,0.2012271285057068,0.0,9.865598996014826e-05,1.0000000000000001e-11,0.4099893569946289,0.0028866641223430634,0.0001,,
2026-03-23T01:13:00.932154,1,540.0,3.1774678230285645,2.9888134002685547,0.17956767976284027,0.0,9.853113431139905e-05,1.0000000000000001e-11,0.41156840324401855,0.009086823090910912,0.0001,,
2026-03-23T01:14:03.965725,1,550.0,3.255234956741333,3.0094025135040283,0.2362815886735916,0.0,9.840082986108143e-05,1.0000000000000001e-11,0.4117703437805176,0.009550807997584343,0.0001,,
2026-03-23T01:15:06.982839,1,560.0,3.454831123352051,3.2883899211883545,0.16639001667499542,0.0,9.82650929194319e-05,1.0000000000000001e-11,0.41014909744262695,5.121383219375275e-05,0.0001,,
2026-03-23T01:16:10.015714,1,570.0,3.2840399742126465,3.105107307434082,0.17884783446788788,0.0,9.812394047667293e-05,1.0000000000000001e-11,0.4118313789367676,8.492488996125758e-05,0.0001,,
2026-03-23T01:17:13.160945,1,580.0,3.06042742729187,2.943694591522217,0.10984974354505539,0.0,9.797739020088666e-05,1.0000000000000001e-11,0.4089200496673584,0.006883035879582167,0.0001,,
2026-03-23T01:18:16.172299,1,590.0,3.484790086746216,3.2528834342956543,0.22644315659999847,0.0,9.782546043580299e-05,1.0000000000000001e-11,0.4118928909301758,0.005463705398142338,0.0001,,
2026-03-23T01:19:19.437460,1,600.0,3.2497782707214355,3.0711007118225098,0.17567908763885498,0.0,9.766817019850372e-05,1.0000000000000001e-11,0.4114534854888916,0.0029984028078615665,0.0001,,
2026-03-23T01:20:23.004547,1,610.0,3.2657926082611084,3.0674002170562744,0.19552837312221527,0.0,9.750553917704217e-05,1.0000000000000001e-11,0.4115011692047119,0.002864088397473097,0.0001,,
2026-03-23T01:21:26.306791,1,620.0,3.4039759635925293,3.1847167015075684,0.20966088771820068,0.0,9.73375877279787e-05,1.0000000000000001e-11,0.4116659164428711,0.009598245844244957,0.0001,,
2026-03-23T01:21:45.333379,1,,3.3651511669158936,3.1795899868011475,0.18217657506465912,0.0,,,,,,epoch_summary,1972.5115609169006
2026-03-23T01:22:33.551555,2,630.0,3.1741411685943604,2.969163417816162,0.1923767328262329,0.0,9.71643368738328e-05,1.0000000000000001e-11,0.41124939918518066,0.01260112039744854,0.0001,,
2026-03-23T01:23:36.692772,2,640.0,3.4555530548095703,3.148650646209717,0.2973039448261261,0.0,9.698580830045167e-05,1.0000000000000001e-11,0.41134166717529297,0.009598513133823872,0.0001,,
2026-03-23T01:24:39.847646,2,650.0,3.5445497035980225,3.286651849746704,0.251812219619751,0.0,9.680202435429572e-05,1.0000000000000001e-11,0.41168951988220215,0.006085559725761414,0.0001,,
2026-03-23T01:25:43.280902,2,660.0,3.4827418327331543,3.249795913696289,0.22135059535503387,0.0,9.661300803964152e-05,1.0000000000000001e-11,0.4112529754638672,0.011595319025218487,0.0001,,
2026-03-23T01:26:46.313775,2,670.0,3.376354217529297,3.207185745239258,0.1632375419139862,0.0,9.641878301570239e-05,1.0000000000000001e-11,0.41031622886657715,0.005930889863520861,0.0001,,
2026-03-23T01:27:49.654957,2,680.0,3.3939428329467773,3.217942237854004,0.16759631037712097,0.0,9.621937359366693e-05,1.0000000000000001e-11,0.41188788414001465,0.008404206484556198,0.0001,,
2026-03-23T01:28:52.823684,2,690.0,3.0922560691833496,2.9296040534973145,0.16013911366462708,0.0,9.601480473365591e-05,1.0000000000000001e-11,0.41130995750427246,0.0025130317080765963,0.0001,,
2026-03-23T01:29:56.116363,2,700.0,3.2437031269073486,3.0275580883026123,0.2160666137933731,0.0,9.580510204159815e-05,1.0000000000000001e-11,0.40862393379211426,7.852858834667131e-05,0.0001,,
2026-03-23T01:30:59.455587,2,710.0,3.299020528793335,3.0927772521972656,0.20021919906139374,0.0,9.559029176602529e-05,1.0000000000000001e-11,0.41002559661865234,0.0060241143219172955,0.0001,,
2026-03-23T01:32:02.490732,2,720.0,3.4325265884399414,3.166879415512085,0.2514086663722992,0.0,9.537040079478633e-05,1.0000000000000001e-11,0.4115786552429199,0.014238500036299229,0.0001,,
2026-03-23T01:33:05.858890,2,730.0,3.084864377975464,2.857174873352051,0.2276029884815216,0.0,9.51454566516821e-05,1.0000000000000001e-11,0.40964245796203613,8.644574700156227e-05,0.0001,,
2026-03-23T01:34:08.900170,2,740.0,3.044973134994507,2.9006876945495605,0.14418762922286987,0.0,9.491548749301996e-05,1.0000000000000001e-11,0.411696195602417,9.770478209247813e-05,0.0001,,
2026-03-23T01:35:12.117684,2,750.0,3.151946544647217,2.9965929985046387,0.1487767994403839,0.0,9.468052210408967e-05,1.0000000000000001e-11,0.41152381896972656,0.006576742045581341,0.0001,,
2026-03-23T01:36:15.216392,2,760.0,2.975996494293213,2.832667350769043,0.13787810504436493,0.0,9.444058989556013e-05,1.0000000000000001e-11,0.4110085964202881,0.005450856406241655,0.0001,,
2026-03-23T01:37:18.318904,2,770.0,3.105631113052368,2.9057669639587402,0.19448517262935638,0.0,9.419572089979819e-05,1.0000000000000001e-11,0.41107845306396484,0.0053789932280778885,0.0001,,
2026-03-23T01:38:21.358206,2,780.0,3.019134998321533,2.8863589763641357,0.1244761049747467,0.0,9.39459457671094e-05,1.0000000000000001e-11,0.4106581211090088,0.008299840614199638,0.0001,,
2026-03-23T01:39:24.496380,2,790.0,2.9670069217681885,2.782578468322754,0.17269447445869446,0.0,9.369129576190158e-05,1.0000000000000001e-11,0.41060829162597656,0.011733989231288433,0.0001,,
2026-03-23T01:40:27.935342,2,800.0,3.2060275077819824,2.976498603820801,0.22743000090122223,0.0,9.343180275877133e-05,1.0000000000000001e-11,0.41210246086120605,0.002098886761814356,0.0001,,
2026-03-23T01:41:31.289611,2,810.0,3.6179635524749756,3.3057985305786133,0.3097173273563385,0.0,9.316749923851447e-05,1.0000000000000001e-11,0.4088728427886963,0.002447614213451743,0.0001,,
2026-03-23T01:42:34.381525,2,820.0,3.160884141921997,2.930446147918701,0.22521021962165833,0.0,9.289841828406014e-05,1.0000000000000001e-11,0.4110705852508545,0.005227702669799328,0.0001,,
2026-03-23T01:43:37.542828,2,830.0,3.0678577423095703,2.9032530784606934,0.15940766036510468,0.0,9.262459357633014e-05,1.0000000000000001e-11,0.41176939010620117,0.005197032354772091,0.0001,,
2026-03-23T01:44:40.784294,2,840.0,3.2734532356262207,3.033144474029541,0.2337637096643448,0.0,9.234605939002274e-05,1.0000000000000001e-11,0.4116079807281494,0.006544983480125666,0.0001,,
2026-03-23T01:45:44.143201,2,850.0,3.2430429458618164,3.067216396331787,0.1705865114927292,0.0,9.206285058932276e-05,1.0000000000000001e-11,0.41022372245788574,0.005240073427557945,0.0001,,
2026-03-23T01:46:47.536363,2,860.0,3.043506383895874,2.802323579788208,0.23499014973640442,0.0,9.177500262353749e-05,1.0000000000000001e-11,0.4117090702056885,0.006192734930664301,0.0001,,
2026-03-23T01:47:50.734341,2,870.0,3.0218379497528076,2.8634445667266846,0.15234719216823578,0.0,9.14825515226596e-05,1.0000000000000001e-11,0.41025400161743164,0.0060463836416602135,0.0001,,
2026-03-23T01:48:53.916046,2,880.0,3.092867374420166,2.9004428386688232,0.1874297708272934,0.0,9.118553389285705e-05,1.0000000000000001e-11,0.41008567810058594,0.0049949283711612225,0.0001,,
2026-03-23T01:49:57.030956,2,890.0,3.071554183959961,2.858452796936035,0.20502033829689026,0.0,9.08839869118913e-05,1.0000000000000001e-11,0.41083431243896484,0.008081025443971157,0.0001,,
2026-03-23T01:51:00.068921,2,900.0,3.0193631649017334,2.8462166786193848,0.17304284870624542,0.0,9.05779483244637e-05,1.0000000000000001e-11,0.41204190254211426,0.00010371686948928982,0.0001,,
2026-03-23T01:52:03.073455,2,910.0,3.259005546569824,3.0631892681121826,0.19558408856391907,0.0,9.026745643749095e-05,1.0000000000000001e-11,0.4093492031097412,0.00023230463557410985,0.0001,,
2026-03-23T01:53:06.190985,2,920.0,2.921769380569458,2.77887225151062,0.14064238965511322,0.0,8.995255011531015e-05,1.0000000000000001e-11,0.41099977493286133,0.0022547300904989243,0.0001,,
2026-03-23T01:54:09.572589,2,930.0,3.26895809173584,3.1537747383117676,0.11300069093704224,0.0,8.963326877481434e-05,1.0000000000000001e-11,0.4104170799255371,0.0021827302407473326,0.0001,,
2026-03-23T01:54:41.151694,2,,2.9688003063201904,2.792548656463623,0.1704278588294983,0.0,,,,,,epoch_summary,1971.9477229118347
2026-03-23T01:55:16.733093,3,940.0,2.7923026084899902,2.631500720977783,0.15269328653812408,0.0,8.930965238051842e-05,1.0000000000000001e-11,0.41094064712524414,0.008108717389404774,0.0001,,
2026-03-23T01:56:19.584123,3,950.0,2.945072889328003,2.786407709121704,0.15861012041568756,0.0,8.898174143955706e-05,1.0000000000000001e-11,0.40900564193725586,5.5097625590860844e-05,0.0001,,
2026-03-23T01:57:22.579322,3,960.0,3.1075878143310547,2.893160343170166,0.2004261612892151,0.0,8.864957699661414e-05,1.0000000000000001e-11,0.4096250534057617,0.014001356437802315,0.0001,,
2026-03-23T01:58:25.492831,3,970.0,2.921538829803467,2.7730424404144287,0.14107230305671692,0.0,8.831320062878539e-05,1.0000000000000001e-11,0.41048407554626465,0.007424208801239729,0.0001,,
2026-03-23T01:59:28.806090,3,980.0,3.314988374710083,3.1339335441589355,0.17859318852424622,0.0,8.797265444037408e-05,1.0000000000000001e-11,0.41169118881225586,0.0024616108275949955,0.0001,,
2026-03-23T02:00:31.953651,3,990.0,3.0531890392303467,2.86942458152771,0.18029077351093292,0.0,8.762798105762085e-05,1.0000000000000001e-11,0.411898136138916,0.0034737747628241777,0.0001,,
2026-03-23T02:01:34.853459,3,1000.0,3.0268499851226807,2.885399341583252,0.13480515778064728,0.0,8.72792236233681e-05,1.0000000000000001e-11,0.4098803997039795,0.00664554163813591,0.0001,,
2026-03-23T02:02:37.716317,3,1010.0,3.372396945953369,3.189547300338745,0.1798359453678131,0.0,8.692642579165988e-05,1.0000000000000001e-11,0.41147661209106445,0.003013678826391697,0.0001,,
2026-03-23T02:03:40.714916,3,1020.0,3.0187363624572754,2.8589603900909424,0.14966049790382385,0.0,8.656963172227767e-05,1.0000000000000001e-11,0.41176748275756836,0.010115353390574455,0.0001,,
2026-03-23T02:04:43.948453,3,1030.0,2.9617466926574707,2.7183337211608887,0.2319265753030777,0.0,8.620888607521294e-05,1.0000000000000001e-11,0.41133713722229004,0.011486201547086239,0.0001,,
2026-03-23T02:05:47.117515,3,1040.0,3.4196345806121826,3.127735137939453,0.28545984625816345,0.0,8.584423400507686e-05,1.0000000000000001e-11,0.4120163917541504,0.00643961550667882,0.0001,,
2026-03-23T02:06:50.374028,3,1050.0,3.0174508094787598,2.83488392829895,0.17431189119815826,0.0,8.547572115544855e-05,1.0000000000000001e-11,0.41000986099243164,0.008254935033619404,0.0001,,
2026-03-23T02:07:53.387022,3,1060.0,3.0922651290893555,2.8390820026397705,0.25131601095199585,0.0,8.510339365316175e-05,1.0000000000000001e-11,0.4094715118408203,0.0018671225989237428,0.0001,,
2026-03-23T02:08:56.536484,3,1070.0,2.934788227081299,2.7788302898406982,0.150569885969162,0.0,8.472729810253101e-05,1.0000000000000001e-11,0.4098622798919678,0.005387963727116585,0.0001,,
2026-03-23T02:09:59.501326,3,1080.0,3.281262159347534,3.07366943359375,0.20198310911655426,0.0,8.434748157951841e-05,1.0000000000000001e-11,0.4110829830169678,0.0056094396859407425,0.0001,,
2026-03-23T02:11:02.387037,3,1090.0,3.159064769744873,3.0062127113342285,0.1527373045682907,0.0,8.39639916258409e-05,1.0000000000000001e-11,0.4113941192626953,0.00011477649240987375,0.0001,,
2026-03-23T02:12:05.460738,3,1100.0,2.7742390632629395,2.6295719146728516,0.13688111305236816,0.0,8.357687624301951e-05,1.0000000000000001e-11,0.41081809997558594,0.007786037866026163,0.0001,,
2026-03-23T02:13:08.469534,3,1110.0,3.0483086109161377,2.8300905227661133,0.21475647389888763,0.0,8.318618388637114e-05,1.0000000000000001e-11,0.4090595245361328,0.0034615560434758663,0.0001,,
2026-03-23T02:14:11.477894,3,1120.0,2.811180591583252,2.6668198108673096,0.13584063947200775,0.0,8.279196345894317e-05,1.0000000000000001e-11,0.4120044708251953,0.008520225062966347,0.0001,,
2026-03-23T02:15:14.650262,3,1130.0,3.0955021381378174,2.8401174545288086,0.2528250217437744,0.0,8.23942643053924e-05,1.0000000000000001e-11,0.4111340045928955,0.002559612039476633,0.0001,,
2026-03-23T02:16:17.665441,3,1140.0,3.04496431350708,2.8494343757629395,0.18655812740325928,0.0,8.199313620580857e-05,1.0000000000000001e-11,0.4119577407836914,0.008971639908850193,0.0001,,
2026-03-23T02:17:20.875392,3,1150.0,3.0221667289733887,2.772947311401367,0.24575582146644592,0.0,8.15886293694833e-05,1.0000000000000001e-11,0.41152286529541016,0.003463469445705414,0.0001,,
2026-03-23T02:18:24.149562,3,1160.0,3.1052534580230713,2.8663692474365234,0.22801914811134338,0.0,8.118079442862548e-05,1.0000000000000001e-11,0.41043853759765625,0.010865072719752789,0.0001,,
2026-03-23T02:19:27.631179,3,1170.0,2.930126190185547,2.7296342849731445,0.19232037663459778,0.0,8.076968243202351e-05,1.0000000000000001e-11,0.41176462173461914,0.008171661756932735,0.0001,,
2026-03-23T02:20:30.922409,3,1180.0,3.1187400817871094,2.884800910949707,0.2280954271554947,0.0,8.035534483865562e-05,1.0000000000000001e-11,0.40952444076538086,0.0058435858227312565,0.0001,,
2026-03-23T02:21:34.204249,3,1190.0,2.8820669651031494,2.7576892375946045,0.11874163895845413,0.0,7.993783351124869e-05,1.0000000000000001e-11,0.41117382049560547,0.005635950248688459,0.0001,,
2026-03-23T02:22:37.324705,3,1200.0,2.625368118286133,2.5147948265075684,0.1062307059764862,0.0,7.95172007097865e-05,1.0000000000000001e-11,0.4119393825531006,0.004342634696513414,0.0001,,
2026-03-23T02:23:40.324022,3,1210.0,2.8686113357543945,2.6256356239318848,0.23363837599754333,0.0,7.909349908496849e-05,1.0000000000000001e-11,0.41179490089416504,0.009337485767900944,0.0001,,
2026-03-23T02:24:43.331011,3,1220.0,2.89536452293396,2.642812728881836,0.2421693503856659,0.0,7.86667816716194e-05,1.0000000000000001e-11,0.4113321304321289,0.010382499545812607,0.0001,,
2026-03-23T02:25:46.720613,3,1230.0,2.7289490699768066,2.594608783721924,0.1340501606464386,0.0,7.823710188205081e-05,1.0000000000000001e-11,0.41203808784484863,0.0002901035768445581,0.0001,,
2026-03-23T02:26:50.072116,3,1240.0,3.1456167697906494,2.9368622303009033,0.2031230330467224,0.0,7.780451349937565e-05,1.0000000000000001e-11,0.41163206100463867,0.0056314487010240555,0.0001,,
2026-03-23T02:27:34.368964,3,,3.0929481983184814,2.797299861907959,0.2841408848762512,0.0,,,,,,epoch_summary,1969.2891261577606
2026-03-23T02:27:57.239282,4,1250.0,3.0653939247131348,2.8796041011810303,0.180167093873024,0.0,7.736907067077607e-05,1.0000000000000001e-11,0.4114389419555664,0.0056227343156933784,0.0001,,
2026-03-23T02:29:00.792355,4,1260.0,3.045153856277466,2.928028106689453,0.11482840776443481,0.0,7.693082790072578e-05,1.0000000000000001e-11,0.4117903709411621,0.0022974845487624407,0.0001,,
2026-03-23T02:30:04.219255,4,1270.0,3.071553945541382,2.8896567821502686,0.17346975207328796,0.0,7.648984004416787e-05,1.0000000000000001e-11,0.4116072654724121,0.008427323773503304,0.0001,,
2026-03-23T02:31:07.557788,4,1280.0,3.0473783016204834,2.902423858642578,0.1361055076122284,0.0,7.60461622996484e-05,1.0000000000000001e-11,0.4120333194732666,0.008848873898386955,0.0001,,
2026-03-23T02:32:10.666172,4,1290.0,3.1131439208984375,2.9225211143493652,0.18485523760318756,0.0,7.559985020240732e-05,1.0000000000000001e-11,0.41097140312194824,0.005767544265836477,0.0001,,
2026-03-23T02:33:13.896754,4,1300.0,3.1948792934417725,2.9654762744903564,0.22908468544483185,0.0,7.515095961742714e-05,1.0000000000000001e-11,0.4104189872741699,0.00031817672424949706,0.0001,,
2026-03-23T02:34:17.181281,4,1310.0,3.0476491451263428,2.802158832550049,0.24542613327503204,0.0,7.469954673244019e-05,1.0000000000000001e-11,0.4108407497406006,6.424289313144982e-05,0.0001,,
2026-03-23T02:35:20.557326,4,1320.0,2.789233684539795,2.5999958515167236,0.18103697896003723,0.0,7.424566805089572e-05,1.0000000000000001e-11,0.4116861820220947,0.00820097140967846,0.0001,,
2026-03-23T02:36:23.981618,4,1330.0,2.847066879272461,2.7107996940612793,0.1333078145980835,0.0,7.378938038488716e-05,1.0000000000000001e-11,0.4116230010986328,0.0029591445345431566,0.0001,,
2026-03-23T02:37:27.293266,4,1340.0,2.94732928276062,2.812495231628418,0.13100934028625488,0.0,7.333074084804107e-05,1.0000000000000001e-11,0.4112248420715332,0.0038247352931648493,0.0001,,
2026-03-23T02:38:30.760520,4,1350.0,3.0802042484283447,2.8943932056427,0.1806330680847168,0.0,7.286980684836827e-05,1.0000000000000001e-11,0.41020846366882324,0.005177920218557119,0.0001,,
2026-03-23T02:39:34.199185,4,1360.0,2.720496892929077,2.535430669784546,0.18113040924072266,0.0,7.240663608107792e-05,1.0000000000000001e-11,0.41165685653686523,0.003935703542083502,0.0001,,
2026-03-23T02:40:37.454850,4,1370.0,3.0003769397735596,2.847168445587158,0.14678746461868286,0.0,7.194128652135597e-05,1.0000000000000001e-11,0.4108750820159912,0.006421141792088747,0.0001,,
2026-03-23T02:41:40.665099,4,1380.0,2.655012845993042,2.4984898567199707,0.14959239959716797,0.0,7.147381641710815e-05,1.0000000000000001e-11,0.4107837677001953,0.00693055335432291,0.0001,,
2026-03-23T02:42:43.737135,4,1390.0,2.9126555919647217,2.750418186187744,0.15560176968574524,0.0,7.10042842816693e-05,1.0000000000000001e-11,0.4122021198272705,0.00663573294878006,0.0001,,
2026-03-23T02:43:46.736023,4,1400.0,2.9903671741485596,2.8011703491210938,0.18485698103904724,0.0,7.053274888647919e-05,1.0000000000000001e-11,0.41166090965270996,0.004339851438999176,0.0001,,
2026-03-23T02:44:49.855429,4,1410.0,3.0189948081970215,2.897737503051758,0.11839313060045242,0.0,7.005926925372594e-05,1.0000000000000001e-11,0.40944910049438477,0.002864103065803647,0.0001,,
2026-03-23T02:45:53.111188,4,1420.0,2.8612587451934814,2.723785877227783,0.1348227858543396,0.0,6.958390464895838e-05,1.0000000000000001e-11,0.41198039054870605,0.0026500634849071503,0.0001,,
2026-03-23T02:46:56.409962,4,1430.0,2.6784348487854004,2.579289197921753,0.09430612623691559,0.0,6.910671457366768e-05,1.0000000000000001e-11,0.4091191291809082,0.004839501343667507,0.0001,,
2026-03-23T02:47:59.804027,4,1440.0,2.8878254890441895,2.6908726692199707,0.18742236495018005,0.0,6.862775875783956e-05,1.0000000000000001e-11,0.40900254249572754,0.009530520997941494,0.0001,,
2026-03-23T02:49:03.161824,4,1450.0,2.968378782272339,2.8071179389953613,0.15931586921215057,0.0,6.814709715247789e-05,1.0000000000000001e-11,0.40976381301879883,0.0019449945539236069,0.0001,,
2026-03-23T02:50:06.475032,4,1460.0,2.8721814155578613,2.7176125049591064,0.14730364084243774,0.0,6.766478992210048e-05,1.0000000000000001e-11,0.4110591411590576,0.007265446241945028,0.0001,,
2026-03-23T02:51:09.752152,4,1470.0,2.9248995780944824,2.7370853424072266,0.18403592705726624,0.0,6.718089743720856e-05,1.0000000000000001e-11,0.41124415397644043,0.0037781756836920977,0.0001,,
2026-03-23T02:52:12.999630,4,1480.0,2.772150993347168,2.6688597202301025,0.1032353937625885,0.0,6.669548026672984e-05,1.0000000000000001e-11,0.4117114543914795,5.579018034040928e-05,0.0001,,
2026-03-23T02:53:16.166151,4,1490.0,3.0296642780303955,2.8456625938415527,0.18396171927452087,0.0,6.620859917043741e-05,1.0000000000000001e-11,0.41121792793273926,4.006730887340382e-05,0.0001,,
2026-03-23T02:54:19.199939,4,1500.0,2.6669671535491943,2.5575690269470215,0.10570362955331802,0.0,6.572031509134416e-05,1.0000000000000001e-11,0.41060376167297363,0.0036946209147572517,0.0001,,
2026-03-23T02:55:22.453436,4,1510.0,2.8170197010040283,2.691232681274414,0.12006416916847229,0.0,6.523068914807465e-05,1.0000000000000001e-11,0.40927624702453613,0.00572282774373889,0.0001,,
2026-03-23T02:56:25.514627,4,1520.0,2.7358994483947754,2.6246511936187744,0.10531477630138397,0.0,6.473978262721492e-05,1.0000000000000001e-11,0.411409854888916,0.005933537147939205,0.0001,,
2026-03-23T02:57:28.836927,4,1530.0,2.91335129737854,2.7540299892425537,0.15339285135269165,0.0,6.42476569756412e-05,1.0000000000000001e-11,0.4085221290588379,0.0059285894967615604,0.0001,,
2026-03-23T02:58:31.990401,4,1540.0,2.8967950344085693,2.7329089641571045,0.16159233450889587,0.0,6.37543737928285e-05,1.0000000000000001e-11,0.409196138381958,0.002293847966939211,0.0001,,
2026-03-23T02:59:34.988568,4,1550.0,2.9133992195129395,2.7650907039642334,0.13445046544075012,0.0,6.325999482314037e-05,1.0000000000000001e-11,0.4114973545074463,0.013858199119567871,0.0001,,
2026-03-23T03:00:31.870143,4,,2.9071860313415527,2.7461752891540527,0.15302333235740662,0.0,,,,,,epoch_summary,1973.642194032669
2026-03-23T03:00:41.963903,5,1560.0,2.7311785221099854,2.545107364654541,0.1780499517917633,0.0,6.276458194810014e-05,1.0000000000000001e-11,0.4092285633087158,0.008021092042326927,0.0001,,
2026-03-23T03:01:45.653589,5,1570.0,3.2821571826934814,3.133037567138672,0.143350750207901,0.0,6.226819717864535e-05,1.0000000000000001e-11,0.4107351303100586,0.005768889095634222,0.0001,,
2026-03-23T03:02:48.826600,5,1580.0,2.9373650550842285,2.809556484222412,0.12491902709007263,0.0,6.177090264736575e-05,1.0000000000000001e-11,0.41109156608581543,0.002889517927542329,0.0001,,
2026-03-23T03:03:51.920255,5,1590.0,2.7595458030700684,2.5917701721191406,0.1617209017276764,0.0,6.127276060072623e-05,1.0000000000000001e-11,0.41194915771484375,0.0060546002350747585,0.0001,,
2026-03-23T03:04:55.081009,5,1600.0,2.6911728382110596,2.548790693283081,0.13187241554260254,0.0,6.0773833391275284e-05,1.0000000000000001e-11,0.408893346786499,0.0105097945779562,0.0001,,
2026-03-23T03:05:58.352723,5,1610.0,2.832949161529541,2.68290376663208,0.1440456509590149,0.0,6.027418346984047e-05,1.0000000000000001e-11,0.4115171432495117,0.005999728571623564,0.0001,,
2026-03-23T03:07:01.782581,5,1620.0,3.773286819458008,3.5612826347351074,0.20406857132911682,0.0,5.977387337771134e-05,1.0000000000000001e-11,0.4104311466217041,0.007935561239719391,0.0001,,
2026-03-23T03:08:04.909046,5,1630.0,2.8638663291931152,2.6820616722106934,0.17486727237701416,0.0,5.927296573881117e-05,1.0000000000000001e-11,0.41123032569885254,0.0069373901933431625,0.0001,,
2026-03-23T03:09:08.057515,5,1640.0,3.0065863132476807,2.887207269668579,0.11345531791448593,0.0,5.8771523251858275e-05,1.0000000000000001e-11,0.41199612617492676,0.005923816934227943,0.0001,,
2026-03-23T03:10:11.018967,5,1650.0,2.921626329421997,2.72251558303833,0.19350317120552063,0.0,5.8269608682518024e-05,1.0000000000000001e-11,0.41232776641845703,0.005607581231743097,0.0001,,
2026-03-23T03:11:13.997451,5,1660.0,2.827561378479004,2.6390013694763184,0.18559572100639343,0.0,5.7767284855546456e-05,1.0000000000000001e-11,0.41155076026916504,0.0029643368907272816,0.0001,,
2026-03-23T03:12:17.046951,5,1670.0,2.8582088947296143,2.6703505516052246,0.17789843678474426,0.0,5.726461464692644e-05,1.0000000000000001e-11,0.4107816219329834,0.009959914721548557,0.0001,,
2026-03-23T03:13:20.109291,5,1680.0,2.5146048069000244,2.357386589050293,0.15392298996448517,0.0,5.676166097599755e-05,1.0000000000000001e-11,0.4088292121887207,0.0032952053006738424,0.0001,,
2026-03-23T03:14:23.308778,5,1690.0,2.7395050525665283,2.549084186553955,0.18418088555335999,0.0,5.625848679758039e-05,1.0000000000000001e-11,0.4112386703491211,0.006239967420697212,0.0001,,
2026-03-23T03:15:26.380277,5,1700.0,2.671337366104126,2.5371623039245605,0.13124926388263702,0.0,5.575515509409651e-05,1.0000000000000001e-11,0.41118693351745605,0.002925948705524206,0.0001,,
2026-03-23T03:16:29.509730,5,1710.0,2.6539952754974365,2.4946136474609375,0.15269675850868225,0.0,5.52517288676849e-05,1.0000000000000001e-11,0.4117884635925293,0.006684695836156607,0.0001,,
2026-03-23T03:17:32.655616,5,1720.0,2.5141139030456543,2.3997244834899902,0.11169281601905823,0.0,5.4748271132316114e-05,1.0000000000000001e-11,0.41135120391845703,0.002696503419429064,0.0001,,
2026-03-23T03:18:35.751725,5,1730.0,3.0823607444763184,2.9245033264160156,0.15783469378948212,0.0,5.42448449059045e-05,1.0000000000000001e-11,0.41095948219299316,2.255429899378214e-05,0.0001,,
2026-03-23T03:19:38.849700,5,1740.0,2.937070846557617,2.811851739883423,0.12231651693582535,0.0,5.374151320242061e-05,1.0000000000000001e-11,0.4114530086517334,0.0029024772811681032,0.0001,,
2026-03-23T03:20:41.969793,5,1750.0,2.964179039001465,2.8180599212646484,0.14084529876708984,0.0,5.3238339024003465e-05,1.0000000000000001e-11,0.40863776206970215,0.005273817572742701,0.0001,,
2026-03-23T03:21:44.925979,5,1760.0,2.7290358543395996,2.6141815185546875,0.11193513870239258,0.0,5.273538535307455e-05,1.0000000000000001e-11,0.4098176956176758,0.00291927857324481,0.0001,,
2026-03-23T03:22:48.014360,5,1770.0,2.683408260345459,2.549013614654541,0.13222654163837433,0.0,5.223271514445456e-05,1.0000000000000001e-11,0.411069393157959,0.0021682933438569307,0.0001,,
2026-03-23T03:23:51.268139,5,1780.0,2.654326915740967,2.525752544403076,0.12309759855270386,0.0,5.173039131748298e-05,1.0000000000000001e-11,0.4113883972167969,0.005476741585880518,0.0001,,
2026-03-23T03:24:54.467622,5,1790.0,2.9846019744873047,2.8728761672973633,0.11170997470617294,0.0,5.122847674814272e-05,1.0000000000000001e-11,0.4106740951538086,1.581962533236947e-05,0.0001,,
2026-03-23T03:25:57.541301,5,1800.0,2.9546055793762207,2.7702698707580566,0.1817510575056076,0.0,5.072703426118982e-05,1.0000000000000001e-11,0.4109840393066406,0.0025848106015473604,0.0001,,
2026-03-23T03:27:00.443265,5,1810.0,2.679701328277588,2.5578830242156982,0.11477060616016388,0.0,5.022612662228966e-05,1.0000000000000001e-11,0.4084501266479492,0.007047588005661964,0.0001,,
2026-03-23T03:28:03.576446,5,1820.0,2.732644557952881,2.644087791442871,0.08224739134311676,0.0,4.972581653016053e-05,1.0000000000000001e-11,0.41155505180358887,0.006309375166893005,0.0001,,
2026-03-23T03:29:06.710594,5,1830.0,2.8604543209075928,2.720086097717285,0.14032196998596191,0.0,4.9226166608725716e-05,1.0000000000000001e-11,0.4114415645599365,4.62043026345782e-05,0.0001,,
2026-03-23T03:30:09.701726,5,1840.0,2.9950716495513916,2.8612682819366455,0.13353461027145386,0.0,4.8727239399274746e-05,1.0000000000000001e-11,0.411055326461792,0.00026878988137468696,0.0001,,
2026-03-23T03:31:12.906816,5,1850.0,2.9115073680877686,2.7713069915771484,0.13495102524757385,0.0,4.82290973526352e-05,1.0000000000000001e-11,0.4111621379852295,0.005249307490885258,0.0001,,
2026-03-23T03:32:15.798619,5,1860.0,2.6186649799346924,2.457293748855591,0.16133622825145721,0.0,4.773180282135558e-05,1.0000000000000001e-11,0.4108593463897705,3.5050648875767365e-05,0.0001,,
2026-03-23T03:33:18.684013,5,1870.0,2.8147096633911133,2.635984420776367,0.17323027551174164,0.0,4.723541805190073e-05,1.0000000000000001e-11,0.4097785949707031,0.005495150573551655,0.0001,,
2026-03-23T03:33:25.056071,5,,2.835913896560669,2.6660118103027344,0.165499746799469,0.0,,,,,,epoch_summary,1969.436821937561
2026-03-23T03:34:25.640760,6,1880.0,2.7787485122680664,2.6605327129364014,0.11630798876285553,0.0,4.674000517686046e-05,1.0000000000000001e-11,0.41164255142211914,0.0019078911282122135,0.0001,,
2026-03-23T03:35:28.749649,6,1890.0,2.9010143280029297,2.7579145431518555,0.14107784628868103,0.0,4.6245626207172266e-05,1.0000000000000001e-11,0.41127848625183105,0.002022092230618,0.0001,,
2026-03-23T03:36:31.791680,6,1900.0,2.833503246307373,2.6614058017730713,0.1664404571056366,0.0,4.575234302435954e-05,1.0000000000000001e-11,0.4109230041503906,0.005656902678310871,0.0001,,
2026-03-23T03:37:34.793228,6,1910.0,2.84728741645813,2.6502864360809326,0.19342556595802307,0.0,4.526021737278577e-05,1.0000000000000001e-11,0.41033482551574707,0.0035754430573433638,0.0001,,
2026-03-23T03:38:38.158991,6,1920.0,2.811713218688965,2.700880527496338,0.11064217239618301,0.0,4.476931085192603e-05,1.0000000000000001e-11,0.41108059883117676,0.00019059053738601506,0.0001,,
2026-03-23T03:39:41.349154,6,1930.0,2.8115744590759277,2.6210684776306152,0.18697012960910797,0.0,4.427968490865648e-05,1.0000000000000001e-11,0.41070055961608887,0.003535649972036481,0.0001,,
2026-03-23T03:40:44.485542,6,1940.0,2.5582425594329834,2.4398574829101562,0.11508877575397491,0.0,4.379140082956317e-05,1.0000000000000001e-11,0.4114820957183838,0.00329629797488451,0.0001,,
2026-03-23T03:41:47.675486,6,1950.0,2.7250709533691406,2.6287195682525635,0.09469665586948395,0.0,4.330451973327069e-05,1.0000000000000001e-11,0.4107015132904053,0.0016546909464523196,0.0001,,
2026-03-23T03:42:51.079011,6,1960.0,2.939136266708374,2.712200164794922,0.21975494921207428,0.0,4.281910256279195e-05,1.0000000000000001e-11,0.41204094886779785,0.007181147113442421,0.0001,,
2026-03-23T03:43:54.529147,6,1970.0,2.492685556411743,2.264331340789795,0.2249206006526947,0.0,4.2335210077899975e-05,1.0000000000000001e-11,0.41187429428100586,0.0034336443059146404,0.0001,,
2026-03-23T03:44:57.707732,6,1980.0,2.7363905906677246,2.591172456741333,0.139272540807724,0.0,4.185290284752253e-05,1.0000000000000001e-11,0.4111015796661377,0.005945650395005941,0.0001,,
2026-03-23T03:46:00.823983,6,1990.0,2.695956230163574,2.5482370853424072,0.13922381401062012,0.0,4.1372241242160806e-05,1.0000000000000001e-11,0.4101598262786865,0.008495275862514973,0.0001,,
2026-03-23T03:47:03.873622,6,2000.0,2.653069496154785,2.573340892791748,0.07502604275941849,0.0,4.089328542633266e-05,1.0000000000000001e-11,0.41195249557495117,0.0047025904059410095,0.0001,,
2026-03-23T03:48:07.130635,6,2010.0,2.719694137573242,2.598306655883789,0.11930868029594421,0.0,4.041609535104193e-05,1.0000000000000001e-11,0.41144824028015137,0.0020787459798157215,0.0001,,
2026-03-23T03:49:10.628589,6,2020.0,2.839266777038574,2.68251895904541,0.15469147264957428,0.0,3.9940730746274364e-05,1.0000000000000001e-11,0.41196751594543457,0.0020564121659845114,0.0001,,
2026-03-23T03:50:13.740423,6,2030.0,3.09980845451355,2.938068151473999,0.1606430560350418,0.0,3.946725111352109e-05,1.0000000000000001e-11,0.4115173816680908,0.0010972123127430677,0.0001,,
2026-03-23T03:51:16.995810,6,2040.0,2.620819091796875,2.546142578125,0.07308190315961838,0.0,3.899571571833096e-05,1.0000000000000001e-11,0.41107630729675293,0.0015945943305268884,0.0001,,
2026-03-23T03:52:20.225159,6,2050.0,2.9826786518096924,2.8551197052001953,0.12522777915000916,0.0,3.852618358289214e-05,1.0000000000000001e-11,0.4111659526824951,0.0023312964476644993,0.0001,,
2026-03-23T03:53:23.487383,6,2060.0,3.0185041427612305,2.8582260608673096,0.16025662422180176,0.0,3.805871347864431e-05,1.0000000000000001e-11,0.4112880229949951,2.1563328118645586e-05,0.0001,,
2026-03-23T03:54:26.673157,6,2070.0,2.506721019744873,2.372687816619873,0.12603171169757843,0.0,3.759336391892236e-05,1.0000000000000001e-11,0.41060543060302734,0.008001469075679779,0.0001,,
2026-03-23T03:55:29.869396,6,2080.0,2.8650310039520264,2.7145302295684814,0.14561401307582855,0.0,3.713019315163205e-05,1.0000000000000001e-11,0.40988683700561523,0.004886772949248552,0.0001,,
2026-03-23T03:56:32.954849,6,2090.0,2.873018980026245,2.7101926803588867,0.1487288475036621,0.0,3.666925915195926e-05,1.0000000000000001e-11,0.41173410415649414,0.014097511768341064,0.0001,,
2026-03-23T03:57:35.959402,6,2100.0,2.8086373805999756,2.7101497650146484,0.09837312996387482,0.0,3.6210619615113206e-05,1.0000000000000001e-11,0.41100406646728516,0.00011436182103352621,0.0001,,
2026-03-23T03:58:39.162834,6,2110.0,2.6322102546691895,2.542541265487671,0.08950009196996689,0.0,3.5754331949104635e-05,1.0000000000000001e-11,0.41016578674316406,0.00016882359341252595,0.0001,,
2026-03-23T03:59:42.445603,6,2120.0,2.7413442134857178,2.566499710083008,0.1718880832195282,0.0,3.530045326756014e-05,1.0000000000000001e-11,0.4122800827026367,0.0029564404394477606,0.0001,,
2026-03-23T04:00:45.863044,6,2130.0,2.568837881088257,2.4486594200134277,0.11540727317333221,0.0,3.4849040382573226e-05,1.0000000000000001e-11,0.41129469871520996,0.004771244712173939,0.0001,,
2026-03-23T04:01:49.001519,6,2140.0,2.7118327617645264,2.618276357650757,0.09048710018396378,0.0,3.440014979759307e-05,1.0000000000000001e-11,0.4121830463409424,0.0030693477019667625,0.0001,,
2026-03-23T04:02:52.247780,6,2150.0,2.513237953186035,2.358577251434326,0.148810476064682,0.0,3.3953837700352e-05,1.0000000000000001e-11,0.41159820556640625,0.0058503542095422745,0.0001,,
2026-03-23T04:03:55.614463,6,2160.0,2.815769672393799,2.5998411178588867,0.20683372020721436,0.0,3.351015995583253e-05,1.0000000000000001e-11,0.4109663963317871,0.009094721637666225,0.0001,,
2026-03-23T04:04:58.723150,6,2170.0,2.7722651958465576,2.6271681785583496,0.14507047832012177,0.0,3.3069172099274594e-05,1.0000000000000001e-11,0.41138148307800293,2.637031502672471e-05,0.0001,,
2026-03-23T04:06:01.727601,6,2180.0,2.795405626296997,2.676802158355713,0.11183548718690872,0.0,3.263092932922433e-05,1.0000000000000001e-11,0.4118216037750244,0.006767912767827511,0.0001,,
2026-03-23T04:06:20.673062,6,,2.5832955837249756,2.447725534439087,0.13159173727035522,0.0,,,,,,epoch_summary,1971.6610984802246
2026-03-23T04:07:08.624681,7,2190.0,2.6886253356933594,2.5701651573181152,0.11840145289897919,0.0,3.2195486500624765e-05,1.0000000000000001e-11,0.4105520248413086,5.857252108398825e-05,0.0001,,
2026-03-23T04:08:12.040126,7,2200.0,3.1607024669647217,3.0283260345458984,0.12603862583637238,0.0,3.176289811794962e-05,1.0000000000000001e-11,0.4093334674835205,0.006337994709610939,0.0001,,
2026-03-23T04:09:15.462330,7,2210.0,2.855565309524536,2.729806661605835,0.1257091760635376,0.0,3.133321832838105e-05,1.0000000000000001e-11,0.4113655090332031,4.934941171086393e-05,0.0001,,
2026-03-23T04:10:18.483017,7,2220.0,2.5806851387023926,2.4667413234710693,0.11222650110721588,0.0,3.090650091503197e-05,1.0000000000000001e-11,0.41135168075561523,0.0017174422973766923,0.0001,,
2026-03-23T04:11:22.046199,7,2230.0,2.464195728302002,2.375483989715576,0.08474456518888474,0.0,3.048279929021397e-05,1.0000000000000001e-11,0.4112069606781006,0.003967187833040953,0.0001,,
2026-03-23T04:12:25.136895,7,2240.0,2.8779208660125732,2.69594669342041,0.1817137897014618,0.0,3.00621664887518e-05,1.0000000000000001e-11,0.40978360176086426,0.0002604520122986287,0.0001,,
2026-03-23T04:13:28.127822,7,2250.0,2.9181745052337646,2.7937774658203125,0.11827417463064194,0.0,2.9644655161344816e-05,1.0000000000000001e-11,0.4094069004058838,0.0061227199621498585,0.0001,,
2026-03-23T04:14:31.438390,7,2260.0,2.6621124744415283,2.49959659576416,0.15501980483531952,0.0,2.923031756797695e-05,1.0000000000000001e-11,0.41156721115112305,0.007496184669435024,0.0001,,
2026-03-23T04:15:34.789727,7,2270.0,2.6046292781829834,2.4551374912261963,0.14363032579421997,0.0,2.8819205571375016e-05,1.0000000000000001e-11,0.41172361373901367,0.00586160970851779,0.0001,,
2026-03-23T04:16:38.161372,7,2280.0,2.7335898876190186,2.544055938720703,0.1836080253124237,0.0,2.8411370630517192e-05,1.0000000000000001e-11,0.41185879707336426,0.005926012527197599,0.0001,,
2026-03-23T04:17:41.309348,7,2290.0,2.553262948989868,2.487555980682373,0.06129758805036545,0.0,2.8006863794191952e-05,1.0000000000000001e-11,0.4116795063018799,0.004409402143210173,0.0001,,
2026-03-23T04:18:44.908768,7,2300.0,2.69213604927063,2.569918394088745,0.12210728228092194,0.0,2.7605735694608137e-05,1.0000000000000001e-11,0.4120979309082031,0.00011042932601412758,0.0001,,
2026-03-23T04:19:47.990036,7,2310.0,2.785599946975708,2.604477882385254,0.17966189980506897,0.0,2.7208036541057372e-05,1.0000000000000001e-11,0.41020870208740234,0.0014600645517930388,0.0001,,
2026-03-23T04:20:51.047704,7,2320.0,2.8135406970977783,2.572767734527588,0.23600466549396515,0.0,2.681381611362939e-05,1.0000000000000001e-11,0.4116535186767578,0.004768370650708675,0.0001,,
2026-03-23T04:21:54.287492,7,2330.0,2.4373016357421875,2.3104939460754395,0.1166476309299469,0.0,2.6423123756981003e-05,1.0000000000000001e-11,0.41142892837524414,0.010159955359995365,0.0001,,
2026-03-23T04:22:57.463274,7,2340.0,2.556908369064331,2.473855495452881,0.0811091810464859,0.0,2.6036008374159655e-05,1.0000000000000001e-11,0.4118032455444336,0.0019436193397268653,0.0001,,
2026-03-23T04:24:00.456056,7,2350.0,2.649106025695801,2.5242557525634766,0.1234501451253891,0.0,2.5652518420482145e-05,1.0000000000000001e-11,0.41049814224243164,0.0014001228846609592,0.0001,,
2026-03-23T04:25:03.533037,7,2360.0,2.5699870586395264,2.4724502563476562,0.09748099744319916,0.0,2.5272701897469547e-05,1.0000000000000001e-11,0.4121217727661133,5.588624844676815e-05,0.0001,,
2026-03-23T04:26:06.746155,7,2370.0,2.8944437503814697,2.748142719268799,0.14420390129089355,0.0,2.4896606346838834e-05,1.0000000000000001e-11,0.41216182708740234,0.0020972343627363443,0.0001,,
2026-03-23T04:27:09.988458,7,2380.0,2.7815051078796387,2.630624771118164,0.15055905282497406,0.0,2.4524278844552027e-05,1.0000000000000001e-11,0.4116649627685547,0.0003213208692613989,0.0001,,
2026-03-23T04:28:13.281559,7,2390.0,2.7928292751312256,2.670384407043457,0.11765658855438232,0.0,2.415576599492373e-05,1.0000000000000001e-11,0.41183996200561523,0.00478808768093586,0.0001,,
2026-03-23T04:29:16.708500,7,2400.0,2.620152711868286,2.489716053009033,0.12557320296764374,0.0,2.3791113924787657e-05,1.0000000000000001e-11,0.4123556613922119,0.004863446112722158,0.0001,,
2026-03-23T04:30:19.998981,7,2410.0,3.0142829418182373,2.9096920490264893,0.10119215399026871,0.0,2.3430368277722877e-05,1.0000000000000001e-11,0.4091968536376953,0.0033986505586653948,0.0001,,
2026-03-23T04:31:23.036676,7,2420.0,2.6385738849639893,2.4687633514404297,0.16588963568210602,0.0,2.307357420834066e-05,1.0000000000000001e-11,0.41210031509399414,0.003920695744454861,0.0001,,
2026-03-23T04:32:26.427976,7,2430.0,2.677339792251587,2.562530994415283,0.10907270014286041,0.0,2.2720776376632443e-05,1.0000000000000001e-11,0.4115712642669678,0.005736097227782011,0.0001,,
2026-03-23T04:33:29.598738,7,2440.0,2.6864542961120605,2.58413028717041,0.09990499913692474,0.0,2.2372018942379663e-05,1.0000000000000001e-11,0.4118359088897705,0.0024188810493797064,0.0001,,
2026-03-23T04:34:32.528886,7,2450.0,2.8666491508483887,2.6822445392608643,0.180930495262146,0.0,2.2027345559626392e-05,1.0000000000000001e-11,0.4098081588745117,0.003474170109257102,0.0001,,
2026-03-23T04:35:35.572886,7,2460.0,2.557326555252075,2.428532123565674,0.12681467831134796,0.0,2.168679937121507e-05,1.0000000000000001e-11,0.41144776344299316,0.001979712164029479,0.0001,,
2026-03-23T04:36:38.783184,7,2470.0,2.719017744064331,2.596217155456543,0.12276694923639297,0.0,2.1350423003386303e-05,1.0000000000000001e-11,0.41080689430236816,3.362530696904287e-05,0.0001,,
2026-03-23T04:37:41.710597,7,2480.0,2.552992582321167,2.474489688873291,0.07746723294258118,0.0,2.1018258560443365e-05,1.0000000000000001e-11,0.41232895851135254,0.0010357453720644116,0.0001,,
2026-03-23T04:38:44.861426,7,2490.0,2.8594675064086914,2.6826138496398926,0.1710572987794876,0.0,2.069034761948198e-05,1.0000000000000001e-11,0.41059041023254395,0.005796391051262617,0.0001,,
2026-03-23T04:39:16.558435,7,,2.518902063369751,2.393547534942627,0.11554243415594101,0.0,,,,,,epoch_summary,1972.2871758937836
2026-03-23T04:39:51.784891,8,2500.0,2.7026350498199463,2.5079877376556396,0.19083821773529053,0.0,2.036673122518606e-05,1.0000000000000001e-11,0.411562442779541,0.0038093039765954018,0.0001,,
2026-03-23T04:40:55.064205,8,2510.0,2.9194185733795166,2.7622463703155518,0.1488320529460907,0.0,2.0047449884690217e-05,1.0000000000000001e-11,0.41150355339050293,0.008340045809745789,0.0001,,
2026-03-23T04:41:58.175449,8,2520.0,2.4909486770629883,2.3821065425872803,0.10118557512760162,0.0,1.9732543562509422e-05,1.0000000000000001e-11,0.4092068672180176,0.007656523957848549,0.0001,,
2026-03-23T04:43:01.461245,8,2530.0,2.585634469985962,2.491786003112793,0.09170413017272949,0.0,1.942205167553665e-05,1.0000000000000001e-11,0.41115498542785645,0.0021443385630846024,0.0001,,
2026-03-23T04:44:04.717218,8,2540.0,2.5227673053741455,2.450504779815674,0.06992627680301666,0.0,1.9116013088109052e-05,1.0000000000000001e-11,0.4103567600250244,0.002336145844310522,0.0001,,
2026-03-23T04:45:08.103096,8,2550.0,2.484236240386963,2.384286880493164,0.09531794488430023,0.0,1.8814466107143306e-05,1.0000000000000001e-11,0.4102597236633301,0.00463158218190074,0.0001,,
2026-03-23T04:46:11.382248,8,2560.0,2.4960851669311523,2.387258529663086,0.10166886448860168,0.0,1.8517448477340763e-05,1.0000000000000001e-11,0.4115140438079834,0.007157809101045132,0.0001,,
2026-03-23T04:47:14.732900,8,2570.0,2.5106985569000244,2.4039621353149414,0.10664166510105133,0.0,1.8224997376462846e-05,1.0000000000000001e-11,0.41194677352905273,9.455747931497172e-05,0.0001,,
2026-03-23T04:48:18.058917,8,2580.0,2.770587921142578,2.6680946350097656,0.10117125511169434,0.0,1.793714941067757e-05,1.0000000000000001e-11,0.4095792770385742,0.00132204859983176,0.0001,,
2026-03-23T04:49:21.381739,8,2590.0,2.802037000656128,2.6680684089660645,0.13271737098693848,0.0,1.7653940609977583e-05,1.0000000000000001e-11,0.4104485511779785,0.0012511876411736012,0.0001,,
2026-03-23T04:50:24.546076,8,2600.0,2.586345672607422,2.4485464096069336,0.12936556339263916,0.0,1.737540642367018e-05,1.0000000000000001e-11,0.4111018180847168,0.00843378808349371,0.0001,,
2026-03-23T04:51:27.608768,8,2610.0,2.4901371002197266,2.404262065887451,0.08463296294212341,0.0,1.7101581715940125e-05,1.0000000000000001e-11,0.4096095561981201,0.0012421509018167853,0.0001,,
2026-03-23T04:52:30.776016,8,2620.0,2.6549296379089355,2.563063621520996,0.09178255498409271,0.0,1.6832500761485813e-05,1.0000000000000001e-11,0.40933752059936523,8.354528836207464e-05,0.0001,,
2026-03-23T04:53:34.048741,8,2630.0,2.498945713043213,2.3768982887268066,0.12052133679389954,0.0,1.6568197241228902e-05,1.0000000000000001e-11,0.4115474224090576,0.001526151318103075,0.0001,,
2026-03-23T04:54:37.171449,8,2640.0,2.516853094100952,2.4059014320373535,0.10024793446063995,0.0,1.6308704238098664e-05,1.0000000000000001e-11,0.41114139556884766,0.010703850537538528,0.0001,,
2026-03-23T04:55:40.383098,8,2650.0,2.6079928874969482,2.4576873779296875,0.14678892493247986,0.0,1.6054054232890815e-05,1.0000000000000001e-11,0.41134023666381836,0.003516600700095296,0.0001,,
2026-03-23T04:56:43.413595,8,2660.0,2.8175644874572754,2.6472878456115723,0.16786043345928192,0.0,1.580427910020202e-05,1.0000000000000001e-11,0.4116356372833252,0.002416091738268733,0.0001,,
2026-03-23T04:57:46.437493,8,2670.0,2.605316638946533,2.460049629211426,0.1415541023015976,0.0,1.555941010444008e-05,1.0000000000000001e-11,0.4110715389251709,0.0037128934636712074,0.0001,,
2026-03-23T04:58:49.571479,8,2680.0,2.776428699493408,2.5883147716522217,0.1848408281803131,0.0,1.531947789591053e-05,1.0000000000000001e-11,0.4112870693206787,0.0032729264348745346,0.0001,,
2026-03-23T04:59:52.616846,8,2690.0,2.638587474822998,2.5527448654174805,0.08304950594902039,0.0,1.508451250698022e-05,1.0000000000000001e-11,0.4100961685180664,0.0027930152136832476,0.0001,,
2026-03-23T05:00:55.957673,8,2700.0,2.38545823097229,2.3040380477905273,0.0813540369272232,0.0,1.4854543348318094e-05,1.0000000000000001e-11,0.41121768951416016,6.6099499235861e-05,0.0001,,
2026-03-23T05:01:59.150260,8,2710.0,2.6814777851104736,2.5652294158935547,0.1143835186958313,0.0,1.4629599205213837e-05,1.0000000000000001e-11,0.41036081314086914,0.001864809775725007,0.0001,,
2026-03-23T05:03:02.271042,8,2720.0,2.7324447631835938,2.5311481952667236,0.19634835422039032,0.0,1.4409708233974871e-05,1.0000000000000001e-11,0.41094112396240234,0.004948081914335489,0.0001,,
2026-03-23T05:04:05.526294,8,2730.0,2.5915634632110596,2.420335531234741,0.15831270813941956,0.0,1.4194897958402005e-05,1.0000000000000001e-11,0.41114020347595215,0.012915096245706081,0.0001,,
2026-03-23T05:05:08.761644,8,2740.0,2.4833290576934814,2.3491358757019043,0.12424536049365997,0.0,1.398519526634422e-05,1.0000000000000001e-11,0.41185760498046875,0.009947811253368855,0.0001,,
2026-03-23T05:06:11.961698,8,2750.0,2.5373692512512207,2.3986566066741943,0.13579490780830383,0.0,1.3780626406333186e-05,1.0000000000000001e-11,0.41190052032470703,0.0029177002143114805,0.0001,,
2026-03-23T05:07:15.232952,8,2760.0,2.701890468597412,2.51092791557312,0.1893889605998993,0.0,1.358121698429771e-05,1.0000000000000001e-11,0.41063785552978516,0.0015736271161586046,0.0001,,
2026-03-23T05:08:18.369679,8,2770.0,2.587263584136963,2.4414749145507812,0.1432569921016693,0.0,1.3386991960358577e-05,1.0000000000000001e-11,0.411024808883667,0.0025318481493741274,0.0001,,
2026-03-23T05:09:21.672026,8,2780.0,2.606977939605713,2.511631965637207,0.09069086611270905,0.0,1.319797564570438e-05,1.0000000000000001e-11,0.41057586669921875,0.004655228462070227,0.0001,,
2026-03-23T05:10:24.763459,8,2790.0,2.4785916805267334,2.3505051136016846,0.1267012655735016,0.0,1.3014191699548414e-05,1.0000000000000001e-11,0.4107816219329834,0.0013852097326889634,0.0001,,
2026-03-23T05:11:27.788110,8,2800.0,2.66763973236084,2.570478677749634,0.09689811617136002,0.0,1.2835663126167262e-05,1.0000000000000001e-11,0.4102935791015625,0.000263031484792009,0.0001,,
2026-03-23T05:12:11.900442,8,,2.52559757232666,2.3554861545562744,0.1627262383699417,0.0,,,,,,epoch_summary,1971.643738269806
2026-03-23T05:12:34.458476,9,2810.0,2.5562429428100586,2.3965234756469727,0.15284878015518188,0.0,1.2662412272021365e-05,1.0000000000000001e-11,0.4118809700012207,0.006870698649436235,0.0001,,
2026-03-23T05:13:37.617400,9,2820.0,2.5559470653533936,2.4683446884155273,0.08399578928947449,0.0,1.2494460822957893e-05,1.0000000000000001e-11,0.41164374351501465,0.0036064714659005404,0.0001,,
2026-03-23T05:14:40.750372,9,2830.0,2.5000112056732178,2.3729982376098633,0.12603311240673065,0.0,1.2331829801496334e-05,1.0000000000000001e-11,0.4086904525756836,0.0009798607788980007,0.0001,,
2026-03-23T05:15:44.146269,9,2840.0,2.560833692550659,2.3892178535461426,0.16980883479118347,0.0,1.2174539564197072e-05,1.0000000000000001e-11,0.4122750759124756,0.001807083492167294,0.0001,,
2026-03-23T05:16:47.338546,9,2850.0,2.5690243244171143,2.395246982574463,0.1722872108221054,0.0,1.2022609799113397e-05,1.0000000000000001e-11,0.4119079113006592,0.0014900888781994581,0.0001,,
2026-03-23T05:17:50.617454,9,2860.0,2.69197678565979,2.495957374572754,0.19062894582748413,0.0,1.1876059523327113e-05,1.0000000000000001e-11,0.4105870723724365,0.005390489473938942,0.0001,,
2026-03-23T05:18:54.021285,9,2870.0,2.819220542907715,2.7235846519470215,0.09503532201051712,0.0,1.173490708056817e-05,1.0000000000000001e-11,0.4116692543029785,0.0006006837938912213,0.0001,,
2026-03-23T05:19:57.149543,9,2880.0,2.5809755325317383,2.4370455741882324,0.1380075365304947,0.0,1.1599170138918603e-05,1.0000000000000001e-11,0.41162610054016113,0.005922243930399418,0.0001,,
2026-03-23T05:21:00.239778,9,2890.0,2.6311228275299072,2.4674601554870605,0.15851080417633057,0.0,1.146886568860097e-05,1.0000000000000001e-11,0.41043591499328613,0.0051518892869353294,0.0001,,
2026-03-23T05:22:03.269610,9,2900.0,2.5369980335235596,2.457653522491455,0.07699497789144516,0.0,1.1344010039851713e-05,1.0000000000000001e-11,0.4108114242553711,0.0023497201036661863,0.0001,,
2026-03-23T05:23:06.290899,9,2910.0,2.536506414413452,2.4174633026123047,0.11188599467277527,0.0,1.122461882087959e-05,1.0000000000000001e-11,0.41141319274902344,0.007157126907259226,0.0001,,
2026-03-23T05:24:09.400801,9,2920.0,3.0460004806518555,2.913522243499756,0.13020849227905273,0.0,1.1110706975909517e-05,1.0000000000000001e-11,0.4127054214477539,0.0022697634994983673,0.0001,,
2026-03-23T05:25:12.531564,9,2930.0,2.6659767627716064,2.5475893020629883,0.11171071231365204,0.0,1.1002288763311942e-05,1.0000000000000001e-11,0.41031384468078613,0.006676564458757639,0.0001,,
2026-03-23T05:26:15.800632,9,2940.0,2.5434041023254395,2.4008195400238037,0.14050397276878357,0.0,1.0899377753818155e-05,1.0000000000000001e-11,0.4117915630340576,0.0020807187538594007,0.0001,,
2026-03-23T05:27:19.004707,9,2950.0,2.812537670135498,2.705165386199951,0.09984178841114044,0.0,1.0801986828821652e-05,1.0000000000000001e-11,0.4108541011810303,0.007530370727181435,0.0001,,
2026-03-23T05:28:22.401669,9,2960.0,2.710394859313965,2.567255973815918,0.13552865386009216,0.0,1.071012817876574e-05,1.0000000000000001e-11,0.4110534191131592,0.007610372267663479,0.0001,,
2026-03-23T05:29:25.689927,9,2970.0,2.4601736068725586,2.345149517059326,0.10672525316476822,0.0,1.0623813301617669e-05,1.0000000000000001e-11,0.41214823722839355,0.008298754692077637,0.0001,,
2026-03-23T05:30:28.944140,9,2980.0,2.726733446121216,2.5154881477355957,0.2104184925556183,0.0,1.05430530014294e-05,1.0000000000000001e-11,0.411287784576416,0.0008269420941360295,0.0001,,
2026-03-23T05:31:32.106461,9,2990.0,2.5752477645874023,2.4297561645507812,0.13975442945957184,0.0,1.0467857386985338e-05,1.0000000000000001e-11,0.4119296073913574,0.005736956372857094,0.0001,,
2026-03-23T05:32:35.252796,9,3000.0,2.6849358081817627,2.532515048980713,0.15211018919944763,0.0,1.0398235870536903e-05,1.0000000000000001e-11,0.4114694595336914,0.00031065556686371565,0.0001,,
2026-03-23T05:33:38.414628,9,3010.0,2.7351582050323486,2.6325998306274414,0.1024167388677597,0.0,1.0334197166624498e-05,1.0000000000000001e-11,0.411365270614624,0.0001416372397216037,0.0001,,
2026-03-23T05:34:41.665483,9,3020.0,2.496281147003174,2.356395959854126,0.13631156086921692,0.0,1.0275749290986644e-05,1.0000000000000001e-11,0.4109632968902588,0.0035736458376049995,0.0001,,
2026-03-23T05:35:44.972994,9,3030.0,2.604276418685913,2.4975624084472656,0.10662547498941422,0.0,1.0222899559556672e-05,1.0000000000000001e-11,0.4120950698852539,8.844300464261323e-05,0.0001,,
2026-03-23T05:36:48.094710,9,3040.0,2.5252983570098877,2.3953003883361816,0.12827418744564056,0.0,1.0175654587546976e-05,1.0000000000000001e-11,0.4101572036743164,0.001723786466754973,0.0001,,
2026-03-23T05:37:51.172362,9,3050.0,2.4248299598693848,2.28543758392334,0.13619723916053772,0.0,1.0134020288621006e-05,1.0000000000000001e-11,0.411862850189209,0.003195127472281456,0.0001,,
2026-03-23T05:38:54.354411,9,3060.0,2.761775255203247,2.52726411819458,0.23444679379463196,0.0,1.0098001874153028e-05,1.0000000000000001e-11,0.4118661880493164,6.44191968603991e-05,0.0001,,
2026-03-23T05:39:57.575752,9,3070.0,2.386497735977173,2.2266554832458496,0.15289898216724396,0.0,1.0067603852575836e-05,1.0000000000000001e-11,0.4114205837249756,0.006943284533917904,0.0001,,
2026-03-23T05:41:00.792416,9,3080.0,2.5900816917419434,2.4705257415771484,0.1141497939825058,0.0,1.0042830028816403e-05,1.0000000000000001e-11,0.41003847122192383,0.0054061696864664555,0.0001,,
2026-03-23T05:42:03.977710,9,3090.0,2.7584104537963867,2.619816303253174,0.1364937722682953,0.0,1.0023683503819661e-05,1.0000000000000001e-11,0.4105992317199707,0.002100372454151511,0.0001,,
2026-03-23T05:43:07.149996,9,3100.0,2.617351531982422,2.514690637588501,0.10259834676980972,0.0,1.0010166674160312e-05,1.0000000000000001e-11,0.41151857376098633,6.251685408642516e-05,0.0001,,
2026-03-23T05:44:10.266397,9,3110.0,2.5294642448425293,2.369475841522217,0.1542506217956543,0.0,1.0002281231742863e-05,1.0000000000000001e-11,0.41141843795776367,0.005737899336963892,0.0001,,
2026-03-23T05:45:07.241795,9,,2.5622236728668213,2.3985531330108643,0.14870356023311615,0.0,,,,,,epoch_summary,1971.7675013542175
